{"name":"dark-mode-corner-glow-apple-apps","packVer":"1.0.0","configVer":"1.0.1","apps":["Podcasts","Books","Watch","Tips","Home","Health","Store","Shazam","Support","Mail","Maps","Fitness","News","TV","Sports","Music Classical","Wallet","Weather","Journal","Files","Final Cut Camera","Clock","FaceTime"],"shortcutUrls":{"Watch":"https://www.icloud.com/shortcuts/0bc725f8d6334947b5feafc0021ed70c","Tips":"https://www.icloud.com/shortcuts/08dc906f50564cab9e22ecaab1477e0d","Home":"https://www.icloud.com/shortcuts/1caf7e5700ef43a7a7d80fc26b6ce644","Health":"https://www.icloud.com/shortcuts/3a7a2cdcd8c94268a8f761a4a5557bc0","Shazam":"https://www.icloud.com/shortcuts/3bfcfd03818c496e89e77cb681ec419b","Podcasts":"https://www.icloud.com/shortcuts/324b90e807824a4797795995eff4389b","Books":"https://www.icloud.com/shortcuts/6a53264d996544babc35b5be833d5f07","Store":"https://www.icloud.com/shortcuts/f6d00b3080e144c99c51a25ef526494c","Support":"https://www.icloud.com/shortcuts/470e17aefd8849f288c33cd71fa73b19","Mail":"https://www.icloud.com/shortcuts/c0edd29a7473468fa16d0ceb60cc4795","Maps":"https://www.icloud.com/shortcuts/a97becdbc646452aab32099f00456451","Fitness":"https://www.icloud.com/shortcuts/2ac6d20a35cd4527839f594a0c9ef724","News":"https://www.icloud.com/shortcuts/37b037d9054048bd8aff7f89504a6769","TV":"https://www.icloud.com/shortcuts/5a3986ff983f4a70bc2a7338a90efb78","Sports":"https://www.icloud.com/shortcuts/4e17169b0d6545aeb72113d2760b851e","Music Classical":"https://www.icloud.com/shortcuts/a61bb3a5c399456f8eabd06551c5e75a","Wallet":"https://www.icloud.com/shortcuts/42655dda2acf4d98bd840455db775a41","Weather":"https://www.icloud.com/shortcuts/b12a5c82bede43e8a15657a98492d183","Journal":"https://www.icloud.com/shortcuts/480a0f0c1c0844e5a44417d9b0cdd331","Files":"https://www.icloud.com/shortcuts/925848e3d72340df9ee0d57b9cf0a53c","Final Cut Camera":"https://www.icloud.com/shortcuts/bd9971794fbf44f7baade42da1c963b7","Clock":"https://www.icloud.com/shortcuts/50f494fb303944f7bfc7792c79c30dc7","FaceTime":"https://www.icloud.com/shortcuts/534016788d9a4c0b90a9f697364596a1"},"wallpaper":{"blur":false}}